image_name,predicted_count
tv2_sau_1024_jpg.rf.d721d66cdd635eea9c481919a8a4ee74.jpg,24
tv2_sau_1035_jpg.rf.1aa5bf1d6abb286707622d3b1a968b97.jpg,24
tv2_sau_1038_jpg.rf.988d683368f75e3fb55eade2253e5670.jpg,24
tv2_sau_1049_jpg.rf.793b98d6037fb0ca0b8261e9a622b942.jpg,26
tv2_sau_1055_jpg.rf.fa066dcfa229f0755bb014ba1e189997.jpg,26
tv2_sau_1101_jpg.rf.46ce13e361646e7cdcde710e86ea2937.jpg,25
tv2_sau_1110_jpg.rf.b1481e4710d772864fc0d3e0c1fd6a32.jpg,26
tv2_sau_114_jpg.rf.6ad0fafa0ce8ed9882e34f0d4b998abf.jpg,26
tv2_sau_115_jpg.rf.35767e882fa184f05a3319196c8f8497.jpg,25
tv2_sau_1258_jpg.rf.9da7fcf5bc81afd5573b87e17d97b064.jpg,25
tv2_sau_1332_jpg.rf.28f6e18a13cfb4b04419fd4eb5b35b01.jpg,25
tv2_sau_1353_jpg.rf.539462a79381f9c711a294bd2fb23947.jpg,26
tv2_sau_1436_jpg.rf.02c6fc5ce3fc2e4821e600520254fdfb.jpg,24
tv2_sau_1468_jpg.rf.41f0f7000008d04894ea0379aaa8fafe.jpg,25
tv2_sau_1476_jpg.rf.d7a1acf753ffaed07c6bb68c4bd0489a.jpg,25
tv2_sau_1529_jpg.rf.0da9532553dbb62ab4f569813f3f6abf.jpg,25
tv2_sau_1533_jpg.rf.2f485f59146527919cbdaf465f0c61f3.jpg,25
tv2_sau_1551_jpg.rf.a48db2d742039d6a6ed55fefa5d9ea20.jpg,24
tv2_sau_1602_jpg.rf.9254bc4e0d19c576fbaaa0d1269c2f48.jpg,26
tv2_sau_1611_jpg.rf.756390b087fd77661883d1420069aa6a.jpg,25
tv2_sau_1618_jpg.rf.1b3d062d3055cee5a93cee3665e7f405.jpg,24
tv2_sau_1688_jpg.rf.4de4be8cf5f83aa7db88e1201490d414.jpg,25
tv2_sau_1693_jpg.rf.a2863aee93fa3d4888c8a4b12cf7a77f.jpg,26
tv2_sau_172_jpg.rf.0d59c55992bc18960dd0023610236484.jpg,25
tv2_sau_1733_jpg.rf.fd275baf7ec04f2a55e27963a74eb163.jpg,24
tv2_sau_1755_jpg.rf.a994a1ebb227c12b8907c34a19320c17.jpg,25
tv2_sau_1776_jpg.rf.1c0637ccbfa7c83d99fc50f26d2269e1.jpg,26
tv2_sau_177_jpg.rf.de59625617cd40c3c6f59b500dcb0ca0.jpg,24
tv2_sau_1792_jpg.rf.a593a0dbd44ee1c202e53527f1902713.jpg,25
tv2_sau_1821_jpg.rf.65f4ba5c61bd0030a08d0b106e34f969.jpg,26
tv2_sau_1852_jpg.rf.688b71299cb015072cd6123d498c9cd9.jpg,25
tv2_sau_1865_jpg.rf.307b890e1443b5cc280848136adf5bec.jpg,25
tv2_sau_18_jpg.rf.25e88f0828a4cf50723612a42e86735a.jpg,24
tv2_sau_1_jpg.rf.8e1df12f7de0352857de9d3409a42967.jpg,25
tv3_sau_435_jpg.rf.e04d0b7082c66e46c7c389c83b5a75b6.jpg,25
tv3_sau_436_jpg.rf.08aab33c8ebeb857cf060a15da5797fe.jpg,25
tv3_sau_437_jpg.rf.c4d663e2af62ee5dc2f6f144522c64fc.jpg,25
tv3_sau_438_jpg.rf.417c0661676d0eed799c973ea3312481.jpg,25
tv3_sau_440_jpg.rf.a03b95f9dafb7740cdbb5d1cda5f73dd.jpg,25
tv3_sau_441_jpg.rf.40e71a6855cc71788af9ddf713e1fc32.jpg,25
tv3_sau_442_jpg.rf.5fef922cdd3f66677d15c3e9300f3e1b.jpg,25
tv3_sau_443_jpg.rf.673a5e492a007b3b0aadff04cec0ef27.jpg,24
tv3_sau_444_jpg.rf.7805e9c89bdffb1164781be7fa15e211.jpg,24
tv3_sau_445_jpg.rf.12d7447da176db56269b657cbaa1006c.jpg,24
tv3_sau_446_jpg.rf.56d6a59eacfd66a0787364df602d5cbd.jpg,24
tv3_sau_447_jpg.rf.b1fcab3d9f4ed1e11e58aca0c556b09d.jpg,24
tv3_sau_448_jpg.rf.c06b964e753ceee9d4bf862fdeadb6e2.jpg,24
tv3_sau_449_jpg.rf.aaecfb3c9397d08f47fd01f4976075ff.jpg,25
tv3_sau_44_jpg.rf.f11b0ac38d5b80a0e0a807d7308b9af8.jpg,25
tv3_sau_450_jpg.rf.b0b9fc6d7fad704525a453ccd86498d7.jpg,24
tv3_sau_451_jpg.rf.53421ac8e8b2dae833d33a42723cb145.jpg,25
tv3_sau_452_jpg.rf.4988314eb7e4f85e9fa404d45e54e071.jpg,24
tv3_sau_453_jpg.rf.daee7865ec5e90befcfea8aaadfbe8cd.jpg,24
tv3_sau_454_jpg.rf.c0485397749e90acdfb85de85ab3ef95.jpg,25
tv3_sau_455_jpg.rf.95c9237efdb194cfed121b66ad1fca7c.jpg,25
tv3_sau_456_jpg.rf.aa2229ad4e120720f08e681e42e775f2.jpg,25
tv3_sau_457_jpg.rf.c5b397b4389ed56ee401728c8523c82f.jpg,26
tv3_sau_458_jpg.rf.c538b4b14691b8b2711afba05099a764.jpg,25
tv3_sau_459_jpg.rf.1f46e7e12e75d6820bcceba209773a21.jpg,25
tv3_sau_45_jpg.rf.29bae0c6bba521cdab1a675a53f9c4e2.jpg,23
tv3_sau_460_jpg.rf.1e7e88d3b38b09cd307b9b1a5ac7bcc0.jpg,25
tv3_sau_461_jpg.rf.2b04c3133e80112e6d09c7f963215323.jpg,25
tv3_sau_462_jpg.rf.d0a3d1111d36373d9cb23ece9d35b90d.jpg,26
tv3_sau_463_jpg.rf.c305b15cc55e1b2cab3f626766220711.jpg,25
tv3_sau_464_jpg.rf.839bdd0387bd4b52a2b1a664b5da5fd4.jpg,25
tv3_sau_465_jpg.rf.6fc6613ffd78b4a9a46907f9b3254ce3.jpg,24
tv3_sau_466_jpg.rf.33da073d57511c9833ace64f207cbc6b.jpg,25
tv3_sau_467_jpg.rf.789569df55b5fc87aeff61655550d63f.jpg,24
tv3_sau_468_jpg.rf.634f6e1cac0c3b19fbdc6b22b049c308.jpg,24
tv3_sau_469_jpg.rf.29bfcdd23038a24a8719bf197453b61f.jpg,24
tv3_sau_46_jpg.rf.8752434437073efa7dec375b809ab4d9.jpg,25
tv3_sau_470_jpg.rf.94ff915326b7cb820bbb89b03384fec1.jpg,24
tv3_sau_471_jpg.rf.31d5f23509ab4b42bc09b3b8a4d4b001.jpg,24
tv3_sau_472_jpg.rf.6836d223b3ec09b73d2cf470d11e3604.jpg,25
tv3_sau_473_jpg.rf.c5c9dc3e288ea25d48546a521d7c663f.jpg,25
tv3_sau_474_jpg.rf.db2b20c24318225690d514a73085edc5.jpg,25
tv3_sau_475_jpg.rf.dc739a794e3b0a35c96b645748fa80ae.jpg,24
tv3_sau_476_jpg.rf.f633a8543a1a2e32d9c9fa8102233c53.jpg,24
tv3_sau_477_jpg.rf.58d80bbd9d9c7dc445b6ea4c2d67cb8b.jpg,24
tv3_sau_478_jpg.rf.bc21485cad516219c9666f89af9b31d3.jpg,24
tv3_sau_479_jpg.rf.8dbae42d809755587dbb04cd3ca7b18a.jpg,24
tv3_sau_47_jpg.rf.438618653ccab730a440c2d538fea4cd.jpg,24
tv3_sau_480_jpg.rf.4aa9cc559737a2d261e76a66e560f3d7.jpg,24
tv3_sau_481_jpg.rf.887aa94fee934fa3ea0963bc8213b66b.jpg,24
tv3_sau_482_jpg.rf.f66bcdbf0a204388eecd9f49816d6362.jpg,24
tv3_sau_483_jpg.rf.9c6ae110f119ca6374db60ad90a45776.jpg,24
tv3_sau_484_jpg.rf.23f0bd32e15c86aff271e95966710cf4.jpg,24
tv3_sau_485_jpg.rf.4ad5d463f5be9ad054bfc8b9bfde5db6.jpg,24
tv3_sau_486_jpg.rf.66937c7236a3d30f3184be48f55f982a.jpg,24
tv3_sau_487_jpg.rf.56988a142fdf9be1b0351f027cc441ad.jpg,24
tv3_sau_488_jpg.rf.e52123c4672297f0ebb6b7b1849ca2f5.jpg,23
tv3_sau_489_jpg.rf.242a38deeb31568e272b656f5dde2a25.jpg,23
tv3_sau_48_jpg.rf.a6d51f891888ddb43e53479f027b27b3.jpg,24
tv3_sau_490_jpg.rf.ff7604df0a975940539403caf43489e3.jpg,24
tv3_sau_491_jpg.rf.cdaa777a00afeb9463d5b9b0512debad.jpg,24
tv3_sau_492_jpg.rf.908d1547d9d6867d2816c638e9e567b8.jpg,24
tv3_sau_493_jpg.rf.ebf4f2b11aec6f46e3f35fe9f55ded7e.jpg,24
tv3_sau_494_jpg.rf.e51fde716675a5a46476d1fd9e6ee3e5.jpg,24
tv3_sau_495_jpg.rf.2e5f7a7b3c535a96f9314e0906984086.jpg,24
tv3_sau_496_jpg.rf.8840a05821f75be7911a1e5787cf585b.jpg,24
tv3_sau_497_jpg.rf.b86508aac23ae9b14d583999ccb9e336.jpg,24
tv3_sau_498_jpg.rf.0813b79128d5e5e712b077593a85097b.jpg,23
tv3_sau_499_jpg.rf.3298fd21ea3bbb4692346cc03fb23bf8.jpg,23
tv3_sau_49_jpg.rf.8110f77dcbfc3c5d3be285dd104d7278.jpg,24
tv3_sau_500_jpg.rf.98741d3ae85e79cd7b18500438a885b1.jpg,24
tv3_sau_501_jpg.rf.7a33192686b48fbf1f313164507f5ebc.jpg,24
tv3_sau_502_jpg.rf.3a94a3c5bf7f9ed0a03e2b8e31987f70.jpg,24
tv3_sau_503_jpg.rf.3a44c55dfcb8564ca59db28e42c6e1e8.jpg,25
tv3_sau_504_jpg.rf.86aa9f1d496b32df59f2e3a34fd64464.jpg,24
tv3_sau_505_jpg.rf.0aac2d7adcffaa9da85f837a26d7c4c4.jpg,24
tv3_sau_506_jpg.rf.c7a1964d0bccd49ac27b9d54de216686.jpg,24
tv3_sau_507_jpg.rf.48c0b60c1dc56ddadaea5f80e2231cc4.jpg,24
tv3_sau_508_jpg.rf.933ad3d96ff1def0f6af0635fc4963f7.jpg,24
tv3_sau_509_jpg.rf.aed4302b98659301c577c968b1f42304.jpg,24
tv3_sau_50_jpg.rf.e1518b8798ac8adb1dcc2b02dbd447df.jpg,24
tv3_sau_510_jpg.rf.7225ee1495fdea43aec0c38017010149.jpg,25
tv3_sau_511_jpg.rf.e611df3c7fa72ea4b0ce29654cce27c6.jpg,24
tv3_sau_512_jpg.rf.050fd9b852dd49abfba96523eabc4761.jpg,24
tv3_sau_513_jpg.rf.056ccc06006a775e6397e866ad5efa06.jpg,24
tv3_sau_514_jpg.rf.3ad8483f90d0f58bbcb3c7f4ce025b23.jpg,24
tv3_sau_515_jpg.rf.da537def3619565203312eac1aac970c.jpg,24
tv3_sau_516_jpg.rf.24b8c04c6911602eb4e5187185b35ae8.jpg,24
tv3_sau_517_jpg.rf.5d5a98ad27b35accdc56c22e3a1f6579.jpg,24
tv3_sau_518_jpg.rf.2a3c48407a75ebf0975b3496c26eebaf.jpg,24
tv3_sau_519_jpg.rf.8e20b865cda605f9fe2ac181f5107967.jpg,24
tv3_sau_51_jpg.rf.916f951991d3be945c811692dfcdae35.jpg,24
tv3_sau_520_jpg.rf.7ff1f83efd1425db16350bf8c3fc2341.jpg,24
tv3_sau_521_jpg.rf.aa37d55c4a5b0b55d2259e34b252c9bd.jpg,24
tv3_sau_522_jpg.rf.005dd801c287b40115d6274f04162a80.jpg,23
tv3_sau_523_jpg.rf.c5517a7e0a53aebcc1aeb0c5510b964f.jpg,23
tv3_sau_524_jpg.rf.1cb57003fec193840f5d50690bc8f7a0.jpg,23
tv3_sau_525_jpg.rf.d47b3af085f582168185be29aefaa21b.jpg,24
tv3_sau_526_jpg.rf.0dd537fbebf093a34d5c8782deb1f3c8.jpg,24
tv3_sau_527_jpg.rf.773b1dd45d3306cd314baf39c62dde1c.jpg,24
tv3_sau_528_jpg.rf.19f15ffcab7ef453ca4aeed18246c565.jpg,24
tv3_sau_529_jpg.rf.ae7091cbfeeded36d051d7302eb8f392.jpg,24
tv3_sau_52_jpg.rf.1cc16a8f13b2a49f6bdf802153bffe44.jpg,24
tv3_sau_530_jpg.rf.7aad2ddb6ca24d6bad6c357ea03bacf6.jpg,24
tv3_sau_531_jpg.rf.6c31de9382890318b9cd1ab0f4613907.jpg,24
tv3_sau_532_jpg.rf.74a8702ea86cc7a338619eb23d9f17f9.jpg,24
tv3_sau_533_jpg.rf.07055bbe75ced2c40aabe01956315b71.jpg,24
tv3_sau_534_jpg.rf.a2f665c1351428688eff292994d6799c.jpg,24
tv3_sau_535_jpg.rf.c2d84c4690dd96056fb7b3e3c705c426.jpg,24
tv3_sau_536_jpg.rf.ce34f2bea9bb4d1865cb76250ff99fbb.jpg,24
tv3_sau_537_jpg.rf.9c4b92370eff4e83a93b0d4c7cf74941.jpg,24
tv3_sau_538_jpg.rf.8aad301481e2c61e916b7c3c403075ba.jpg,24
tv3_sau_539_jpg.rf.b884d7943274137a39f966d750f1765c.jpg,24
tv3_sau_53_jpg.rf.0e3cfc2a4f6e3596f726501ef96a4ee0.jpg,24
tv3_sau_540_jpg.rf.055e0cb96b293a8a59565ceef57630bd.jpg,24
tv3_sau_541_jpg.rf.93b626d0397182b1aab5cf905b90a195.jpg,24
tv3_sau_542_jpg.rf.881af8c8954fb16ac567d99501fb63d0.jpg,24
tv3_sau_543_jpg.rf.1071c5fd43a7c46fbcaf606339cdb288.jpg,24
tv3_sau_544_jpg.rf.52fde8c18a6b2a3bb951c097eba8c305.jpg,24
tv3_sau_545_jpg.rf.eaae2494d12ca4fd03399a64950fe514.jpg,24
tv3_sau_546_jpg.rf.ee2e2acfb2938540878637f49c64c62b.jpg,24
tv3_sau_547_jpg.rf.d335e586a0cf4162470f68f2af250d5a.jpg,24
tv3_sau_548_jpg.rf.c7742585b6b4e70ba2cc32b9cf6cee9c.jpg,24
tv3_sau_54_jpg.rf.b1c70c3e188e6431c51c596bd5449043.jpg,24
tv3_sau_5_jpg.rf.000fab3f082aa9af93018b0505bb7903.jpg,24
tv3_sau_699_jpg.rf.9a7d1443d2dda11532640137508ad0c3.jpg,25
tv3_sau_700_jpg.rf.dbe6b83e115d2362c0a587758158ccff.jpg,25
tv3_sau_701_jpg.rf.4440512434178cbe1415ec637480b5c4.jpg,24
tv3_sau_702_jpg.rf.61466ceb39d4c89bdd5a42972d69c59f.jpg,24
tv3_sau_703_jpg.rf.7941d144ebb1efcc2f6352984a5a8d8f.jpg,24
tv3_sau_704_jpg.rf.aa84f1d909d48d3338e7e17e5f3cdf09.jpg,25
tv3_sau_705_jpg.rf.92a4569c48f776db867ac395e18d029d.jpg,25
tv3_sau_706_jpg.rf.0e1d93836a5707255728df2f7dee44f0.jpg,25
tv3_sau_707_jpg.rf.10184f177bab118b910750ee3f85b314.jpg,25
tv3_sau_708_jpg.rf.b9d85b6fa1e3b33252aedabd129ab28d.jpg,25
tv3_sau_709_jpg.rf.cdd1d24af1e5b48c4a1e47b4f23cbb9a.jpg,24
tv3_sau_70_jpg.rf.562aca439e8e07e2b1dd551827539a19.jpg,24
tv3_sau_710_jpg.rf.30ac274632374d5736f2a2b9500b9a80.jpg,24
tv3_sau_711_jpg.rf.5b09bd81f29af7c1200b9bea4de29a7a.jpg,25
tv3_sau_712_jpg.rf.7a2a95d5d9d916f97129771badc5b942.jpg,25
tv3_sau_713_jpg.rf.70fa170e4496e11478d520f683ffc544.jpg,25
tv3_sau_714_jpg.rf.604f3fb55d173a41003fa80d338fd84d.jpg,25
tv3_sau_715_jpg.rf.1618d7b140ff5f678e4e10e59a160f74.jpg,25
tv3_sau_716_jpg.rf.d2df85879632e800fc9b6e3cd651775f.jpg,25
tv3_sau_717_jpg.rf.55a22b74f4d43e1b35ab5008c5a8293d.jpg,25
tv3_sau_718_jpg.rf.9f9bc5568af8c6d83c6e3553dca892c4.jpg,25
tv3_sau_719_jpg.rf.8cddd904d0ed45fd3ca685a67a7f1a50.jpg,25
tv3_sau_71_jpg.rf.160f4b0c051edb9c5b5d773a894e54c8.jpg,24
tv3_sau_720_jpg.rf.76cdd155865f40a3832538b26a215036.jpg,25
tv3_sau_721_jpg.rf.d0f9d42c079d41d388ba1f979cacb5e5.jpg,25
tv3_sau_722_jpg.rf.a184c67976b899302c435bbeaec7a38c.jpg,25
tv3_sau_723_jpg.rf.ad2aad4c122c6e7aed1b3e49cfbcf961.jpg,25
tv3_sau_724_jpg.rf.d556dd112449f9d5c6e518407137625e.jpg,25
tv3_sau_725_jpg.rf.d588def2422fa17d5768bd799ad460f6.jpg,25
tv3_sau_726_jpg.rf.832ce20e4aa714845db88202543d5251.jpg,25
tv3_sau_727_jpg.rf.cee7d358d89de168ab527c61d5c69920.jpg,25
tv3_sau_728_jpg.rf.fd18c656507cfdd9fd70750bbd67955a.jpg,25
tv3_sau_729_jpg.rf.eabdec40995877e9614199262cf6a7c2.jpg,25
tv3_sau_72_jpg.rf.3a66fd00fbdde814fa6581695c2d661d.jpg,24
tv3_sau_730_jpg.rf.2281a3786dc62cfbf2029455cbc079c6.jpg,25
tv3_sau_731_jpg.rf.a9b954a33d46ab59793584792d522509.jpg,25
tv3_sau_732_jpg.rf.446cc2f02ba5db4f0e7c39d6278b8fdb.jpg,25
tv3_sau_733_jpg.rf.78cf6503a782bb8168f913f251d9e909.jpg,25
tv3_sau_734_jpg.rf.77a7f8271cf8a83a0dbd589cccd3d1cb.jpg,25
tv3_sau_735_jpg.rf.a0b1dccbe89f749e42fcdf6e375b863e.jpg,24
tv3_sau_736_jpg.rf.14adaf42a21aa2852f868cec2c46dc97.jpg,24
tv3_sau_737_jpg.rf.9e33ce6402b84ab3d1cded4288ba972b.jpg,24
tv3_sau_738_jpg.rf.3974baf5d4abcafcd8f1d9ecc165378c.jpg,24
tv3_sau_739_jpg.rf.ff28954fcc87a652cd0d563fc5f3b055.jpg,24
tv3_sau_73_jpg.rf.0701c0ead8d58cee77fd0744c48025b3.jpg,24
tv3_sau_740_jpg.rf.0761816fb79d974600517766d6235985.jpg,25
tv3_sau_741_jpg.rf.0f4bb431e01c4df7b14daad32b1d85c6.jpg,25
tv3_sau_742_jpg.rf.a1a2125d2fe5bdeefd826f261bb3a743.jpg,25
tv3_sau_743_jpg.rf.236aa9c4fe1b76123e58dc249a50e3fc.jpg,25
tv3_sau_744_jpg.rf.6ca5ba7cb7d514e8750af063eaf39b26.jpg,25
tv3_sau_745_jpg.rf.7c485e56d8dfbcf2246c2ed2617d89ce.jpg,25
tv3_sau_746_jpg.rf.38ebd9b7115c04eb519a828369997938.jpg,25
tv3_sau_747_jpg.rf.291d2eac3cce08cceb0d6b83bf787823.jpg,25
tv3_sau_748_jpg.rf.0460461fbd3dde8bce67b321aadfb257.jpg,25
tv3_sau_749_jpg.rf.c6bc5a67b6911eaf3bd8d8032f85683d.jpg,25
tv3_sau_74_jpg.rf.72670a64ab61f34cd7f9f2f952fe99f4.jpg,24
tv3_sau_750_jpg.rf.a8df2d8914e68925b7bec38f38bc02b5.jpg,25
tv3_sau_751_jpg.rf.65f3982fbd22f0749e4188ca5ac71273.jpg,25
tv3_sau_752_jpg.rf.07c44654b0bad8950c555ce50a3ba457.jpg,24
tv3_sau_753_jpg.rf.dd1b008e9b93ba1b5b8980ad8ddc4c9d.jpg,25
tv3_sau_754_jpg.rf.79f66842c5be4adff8d5847f004c75f4.jpg,25
tv3_sau_755_jpg.rf.073d7c3d656b3c226c9aa356fd023090.jpg,25
tv3_sau_756_jpg.rf.42124d5bca578d5a988ff1943aa68ea2.jpg,25
tv3_sau_757_jpg.rf.2b3c5370e1bf481f079ec36d62cc69cc.jpg,26
tv3_sau_758_jpg.rf.06ab3fa4e15a9bcfe0d4923ba7d484fc.jpg,25
tv3_sau_759_jpg.rf.54e109ca480e2f58bb11beebbff9dacb.jpg,25
tv3_sau_75_jpg.rf.70238a9d25b0a3a0afe8df84cdb5190a.jpg,24
tv3_sau_760_jpg.rf.df6f6c264658e3cf81cf23477ef5a248.jpg,25
tv3_sau_7_jpg.rf.783fc5fe550ada2ab869e7cbcd0c5a89.jpg,23
tv3_sau_958_jpg.rf.42b0a91684788ce453ec4ddcc43ef448.jpg,24
tv3_sau_961_jpg.rf.5e0efc0fc29a750b42e78caa0f5cadcf.jpg,24
tv3_sau_962_jpg.rf.eec78658f5f851a4a312b730e3d53553.jpg,24
tv3_sau_963_jpg.rf.820c012d2abcd6ce64a1b5d525e6602e.jpg,24
tv3_sau_964_jpg.rf.0de0083ebc037e96bfbb804c781df6ab.jpg,24
tv3_sau_965_jpg.rf.ad9d15a43534a9041cb86dc9845a4d7b.jpg,24
tv3_sau_966_jpg.rf.35a0f87954c6120655018acce787f2b9.jpg,24
tv3_sau_967_jpg.rf.927141e79e14da57330e67978e3c2dbd.jpg,24
tv3_sau_968_jpg.rf.1a606a979012bcb133b1a3c57b32d09b.jpg,24
tv3_sau_969_jpg.rf.068d3aa911fc958dca4981a40b1a428f.jpg,24
tv3_sau_970_jpg.rf.e80b54f8971f1d769d6dfdc42bd6fce4.jpg,24
tv3_sau_972_jpg.rf.fce03c2dc5562dc77d7b777277dce3e4.jpg,24
tv3_sau_973_jpg.rf.47c4ad6fd597d71e1255797d22a503d5.jpg,24
tv3_sau_974_jpg.rf.269c205d36d51f5a8f3b8cff568af7e1.jpg,24
tv3_sau_975_jpg.rf.0ea41623f37122616b1022e1fff2b402.jpg,24
tv3_sau_976_jpg.rf.99a504ec3e93e2a09c79eb738b19f64d.jpg,24
tv3_sau_977_jpg.rf.475a3266d0cd131c436fac625bdc5efa.jpg,24
tv3_sau_978_jpg.rf.78a2c7446f99ac96323b0e4f0b1af563.jpg,24
tv3_sau_979_jpg.rf.4237fc1830baf26abcad39bbb2718a0f.jpg,24
tv3_sau_97_jpg.rf.73b1110e11940e6d0e19b65658200272.jpg,24
tv3_sau_980_jpg.rf.e3dce469573d9e6f1c8f8d14582b4800.jpg,24
tv3_sau_981_jpg.rf.791cfb2ceebd3136e8e39046ebb45a87.jpg,24
tv3_sau_982_jpg.rf.c827cdcfb65817bb4aa05b4700421141.jpg,24
tv3_sau_983_jpg.rf.12725b3a68761fabb1709d0460a1204f.jpg,24
tv3_sau_984_jpg.rf.26a83aadda320f65712f6f65a5be1f7f.jpg,24
tv3_sau_985_jpg.rf.e31a99ba8d8f684f87776b3b80d498f4.jpg,24
tv3_sau_986_jpg.rf.14a43d9a066bd5eb783bb693f02dc971.jpg,24
tv3_sau_987_jpg.rf.f67237911f81390494a2acfcd38cd046.jpg,25
tv3_sau_988_jpg.rf.68d16041bbbf1407d93439688033cd22.jpg,24
tv3_sau_989_jpg.rf.10aa96af6b80bc72905384d63f8f2a3e.jpg,24
tv3_sau_98_jpg.rf.53fb578b19bf9d05aad14f688f57913f.jpg,24
tv3_sau_990_jpg.rf.dbc2fca938cbe2968f589fe3e942fefa.jpg,24
tv3_sau_991_jpg.rf.86c3b24d03c3b45278ee972a4c0e2d06.jpg,24
tv3_sau_992_jpg.rf.b933797526968342dbd60bdd13843955.jpg,24
tv3_sau_993_jpg.rf.cad0870b9c243290290654ec895b9563.jpg,24
tv3_sau_994_jpg.rf.b6103a0cc89a00f030b42b540165ead5.jpg,24
tv3_sau_995_jpg.rf.295762e758972a3bb1528d50c978e4d2.jpg,24
tv3_sau_996_jpg.rf.a31bbd049c868019ecc05c628d1392be.jpg,24
tv3_sau_997_jpg.rf.0cf8c9bbf7a565b5832d5972d743e0b1.jpg,24
tv3_sau_998_jpg.rf.0e217aa68123a2ac4f5f3f69a0efae75.jpg,24
tv3_sau_999_jpg.rf.b8246aa6f50f1b2a5b327cc7d2ac31bb.jpg,24
tv3_sau_99_jpg.rf.5edb5844f5f2435d84d6388828484d2c.jpg,24
